{
  "items": 771,
  "with_questions": 235,
  "non_questions": 536,
  "communication_rate": 0.30479896238651105,
  "good_question_rate": 0.2853437094682231,
  "acceptable_question_rate": 0.2905317769130999,
  "false_recovery_rate": 0.503731343283582,
  "judges": [
    "openai/gpt-3.5-turbo",
    "gemini/gemini-2.5-flash-lite",
    "deepseek-ai/deepseek-coder-6.7b-instruct"
  ],
  "temperature": 1.0,
  "max_tokens": 256,
  "timestamp": 1758491112
}