model,n_items,communication_rate,good_question_rate_all,good_question_rate_conditional,false_recovery_rate_all,false_recovery_rate_conditional
Meta-Llama-3-13B-Instruct,771,0.3852140077821012,0.17639429312581065,0.45791245791245794,0.0648508430609598,0.10548523206751055
deepseek-coder-6.7b-instruct,771,0.35149156939040205,0.25551232166018156,0.7269372693726938,0.20881971465629054,0.322
gemini-2.5-flash-lite,771,0.3670557717250324,0.3333333333333333,0.9081272084805654,0.2594033722438392,0.4098360655737705
openai-gpt-3.5-turbo,771,0.30479896238651105,0.2853437094682231,0.9361702127659575,0.35019455252918286,0.503731343283582
