category,Meta-Llama-3-13B-Instruct,deepseek-coder-6.7b-instruct,gemini-2.5-flash-lite,openai-gpt-3.5-turbo
1a,0.042682926829268296,0.21341463414634146,0.3353658536585366,0.4451219512195122
1c,0.11042944785276074,0.27607361963190186,0.3128834355828221,0.4662576687116564
1p,0.07926829268292683,0.20121951219512196,0.20121951219512196,0.2073170731707317
2ac,0.037037037037037035,0.17901234567901234,0.20987654320987653,0.3765432098765432
2ap,0.028169014084507043,0.11267605633802817,0.1267605633802817,0.08450704225352113
2cp,0.11428571428571428,0.22857142857142856,0.37142857142857144,0.4857142857142857
3acp,0.0,0.25,0.4166666666666667,0.25
