category,Meta-Llama-3-13B-Instruct,deepseek-coder-6.7b-instruct,gemini-2.5-flash-lite,openai-gpt-3.5-turbo
1a,0.3597560975609756,0.3048780487804878,0.3475609756097561,0.20121951219512196
1c,0.3128834355828221,0.27607361963190186,0.2085889570552147,0.1165644171779141
1p,0.35365853658536583,0.4024390243902439,0.38414634146341464,0.5304878048780488
2ac,0.4506172839506173,0.4012345679012346,0.4691358024691358,0.24691358024691357
2ap,0.5492957746478874,0.352112676056338,0.5774647887323944,0.6056338028169014
2cp,0.34285714285714286,0.4857142857142857,0.2571428571428571,0.22857142857142856
3acp,0.4166666666666667,0.25,0.25,0.4166666666666667
