category,Meta-Llama-3-13B-Instruct,deepseek-coder-6.7b-instruct,gemini-2.5-flash-lite,openai-gpt-3.5-turbo
1a,0.18292682926829268,0.22560975609756098,0.3048780487804878,0.18292682926829268
1c,0.1165644171779141,0.2147239263803681,0.1656441717791411,0.11042944785276074
1p,0.12195121951219512,0.3048780487804878,0.3780487804878049,0.5
2ac,0.19753086419753085,0.2716049382716049,0.4074074074074074,0.22839506172839505
2ap,0.36619718309859156,0.28169014084507044,0.5633802816901409,0.5633802816901409
2cp,0.14285714285714285,0.2571428571428571,0.2571428571428571,0.22857142857142856
3acp,0.3333333333333333,0.16666666666666666,0.25,0.4166666666666667
