{
  "items": 771,
  "with_questions": 283,
  "non_questions": 488,
  "communication_rate": 0.3670557717250324,
  "good_question_rate": 0.3333333333333333,
  "acceptable_question_rate": 0.3540856031128405,
  "false_recovery_rate": 0.4098360655737705,
  "judges": [
    "openai/gpt-3.5-turbo",
    "gemini/gemini-2.5-flash-lite",
    "deepseek-ai/deepseek-coder-6.7b-instruct"
  ],
  "temperature": 1.0,
  "max_tokens": 256,
  "timestamp": 1758572624
}